nir_drop_threshold,swir_threshold,true_positives,false_positives,false_negatives,true_negatives,precision,recall,f1_score
0.1,0.2,166711,71448,0,5311023,0.6999987403373377,1.0,0.8235285400251934
0.15,0.25,33348,14293,0,5501541,0.6999853067735774,1.0,0.8235192433540357
0.2,0.3,3746,1606,0,5543830,0.6999252615844545,1.0,0.8234776874038251
0.12,0.22,92409,39605,0,5417168,0.6999939400366628,1.0,0.8235252180035023
0.18,0.28,9588,4110,0,5535484,0.6999561979851073,1.0,0.8234990981705747
